{
    "alias": "expenses",
    "description": "",
    "keywords": [],
    "active": 1,
    "version":"1.6",
    "order": 0,
    "providers": [
        "Modules\\Expenses\\Providers\\Main"
    ],
    "aliases": {},
    "files": [],
    "requires": [],
    "vendor_fields":[{
        "separator":"Expenses",
        "title": "Enable Expenses",
        "key": "expenses_enable",
        "ftype": "bool",
        "value":true
    }],
    "ownermenus":[
        {
            "name":"Expenses",
            "route":"expenses.expenses.index",
            "icon":"ni ni-money-coins text-red"
        }
    ]
}
