{
    "alias": "kitchendisplay",
    "version": "1.3",
    "description": "",
    "keywords": [],
    "active": 1,
    "order": 0,
    "providers": [
        "Modules\\Kitchendisplay\\Providers\\Main"
    ],
    "aliases": {},
    "files": [],
    "requires": [],
    "vendor_fields":[{
        "separator":"Kitchen Display System",
        "title": "Enable Kitchen Display System",
        "key": "kds_enable",
        "ftype": "bool",
        "value":true
    }],
    "ownermenus":[
        {
            "name":"KDS",
            "route":"kitchendisplay.index",
            "icon":"ni ni-tablet-button text-blue"
        }
    ],
    "staffmenus":[
        {
            "name":"KDS",
            "route":"kitchendisplay.index",
            "icon":"ni ni-tablet-button text-blue"
        }
    ]
}
