{
    "alias": "staff",
    "description": "",
    "keywords": [],
    "active": 1,
    "order": 0,
    "version":"1.4",
    "providers": [
        "Modules\\Staff\\Providers\\Main"
    ],
    "aliases": {},
    "files": [],
    "requires": [],
    "vendor_fields":[{
        "separator":"Staff",
        "title": "Enable Staff",
        "key": "staff_enable",
        "ftype": "bool",
        "value":true
    }],
    "ownermenus":[
        {
            "name":"Staff",
            "route":"staff.index",
            "icon":"ni ni-single-02 text-blue"
        }
    ]
}
