{
    "alias": "deliveryqr",
    "version":"1.1",
    "description": "",
    "keywords": [],
    "active": 1,
    "order": 0,
    "providers": [
        "Modules\\Deliveryqr\\Providers\\Main"
    ],
    "aliases": {},
    "files": [],
    "requires": [],
    "vendor_fields":[{
        "separator":"Delivery Areas",
        "title": "Enable Delivery Areas",
        "key": "deliveryaeras_enable",
        "ftype": "bool",
        "value":true
    }],
    "ownermenus":[
        {
            "name":"Delivery areas",
            "route":"admin.restaurant.simpledelivery.index",
            "icon":"ni ni-pin-3 text-blue"
        }
    ]
}
