{
    "alias": "allergenss",
    "version":"1.1",
    "description": "",
    "keywords": [],
    "active": 1,
    "order": 0,
    "providers": [
        "Modules\\Allergens\\Providers\\Main"
    ],
    "aliases": {},
    "files": [],
    "requires": [],
    "adminmenus":[
        {
            "name":"Allergens",
            "params":{"type":"allergen"},
            "route":"admin.landing.posts",
            "icon":"ni ni-single-copy-04 text-red"
        }
    ],
    "vendor_fields":[{
        "separator":"Allergens",
        "title": "Display allergens on menu",
        "key": "allergens_enable",
        "ftype": "bool",
        "value":true
    }],
    "menuview":[
        {
            "route":"allergens::select"
        }
    ]
}
